lap_number,driver_number,driver,team,lap_duration_clean,cum_time,position_actual,position,is_pit_lap,position_final
1,1,VER,Red Bull Racing,99.359,99.359,1,1,False,1
2,1,VER,Red Bull Racing,97.974,197.333,1,1,False,1
3,1,VER,Red Bull Racing,98.006,295.339,1,1,False,1
4,1,VER,Red Bull Racing,97.976,393.315,1,1,False,1
5,1,VER,Red Bull Racing,98.035,491.35,1,1,False,1
6,1,VER,Red Bull Racing,97.986,589.336,1,1,False,1
7,1,VER,Red Bull Racing,98.021,687.357,1,1,False,1
8,1,VER,Red Bull Racing,98.154,785.511,1,1,False,1
9,1,VER,Red Bull Racing,98.278,883.789,1,1,False,1
10,1,VER,Red Bull Racing,98.369,982.158,1,1,False,1
11,1,VER,Red Bull Racing,98.483,1080.641,1,1,False,1
12,1,VER,Red Bull Racing,98.591,1179.232,1,1,False,1
13,1,VER,Red Bull Racing,98.482,1277.714,1,1,False,1
14,1,VER,Red Bull Racing,101.295,1379.009,1,1,False,1
15,1,VER,Red Bull Racing,118.378,1497.387,2,2,True,2
16,1,VER,Red Bull Racing,97.801,1595.188,2,2,False,2
17,1,VER,Red Bull Racing,97.648,1692.836,2,2,False,2
18,1,VER,Red Bull Racing,97.614,1790.45,1,1,False,1
19,1,VER,Red Bull Racing,97.712,1888.162,1,1,False,1
20,1,VER,Red Bull Racing,97.788,1985.95,1,1,False,1
21,1,VER,Red Bull Racing,97.582,2083.532,1,1,False,1
22,1,VER,Red Bull Racing,97.651,2181.183,1,1,False,1
23,1,VER,Red Bull Racing,97.552,2278.735,1,1,False,1
24,1,VER,Red Bull Racing,97.387,2376.122,1,1,False,1
25,1,VER,Red Bull Racing,97.372,2473.494,1,1,False,1
26,1,VER,Red Bull Racing,97.682,2571.176,1,1,False,1
27,1,VER,Red Bull Racing,97.379,2668.555,1,1,False,1
28,1,VER,Red Bull Racing,97.651,2766.206,1,1,False,1
29,1,VER,Red Bull Racing,97.571,2863.777,1,1,False,1
30,1,VER,Red Bull Racing,97.549,2961.326,1,1,False,1
31,1,VER,Red Bull Racing,97.431,3058.757,1,1,False,1
32,1,VER,Red Bull Racing,97.691,3156.448,1,1,False,1
33,1,VER,Red Bull Racing,97.686,3254.134,1,1,False,1
34,1,VER,Red Bull Racing,97.839,3351.973,1,1,False,1
35,1,VER,Red Bull Racing,97.85,3449.823,1,1,False,1
36,1,VER,Red Bull Racing,100.964,3550.787,1,1,False,1
37,1,VER,Red Bull Racing,118.49,3669.277,1,1,True,1
38,1,VER,Red Bull Racing,96.297,3765.574,1,1,False,1
39,1,VER,Red Bull Racing,96.446,3862.02,1,1,False,1
40,1,VER,Red Bull Racing,96.942,3958.962,1,1,False,1
41,1,VER,Red Bull Racing,120.495,4079.457,1,1,False,1
42,1,VER,Red Bull Racing,104.824,4184.281,1,1,False,1
43,1,VER,Red Bull Racing,96.89,4281.171,1,1,False,1
44,1,VER,Red Bull Racing,96.236,4377.407,1,1,False,1
45,1,VER,Red Bull Racing,97.015,4474.422,1,1,False,1
46,1,VER,Red Bull Racing,96.701,4571.123,1,1,False,1
47,1,VER,Red Bull Racing,97.009,4668.132,1,1,False,1
48,1,VER,Red Bull Racing,96.918,4765.05,1,1,False,1
49,1,VER,Red Bull Racing,96.962,4862.012,1,1,False,1
50,1,VER,Red Bull Racing,97.25,4959.262,1,1,False,1
51,1,VER,Red Bull Racing,97.427,5056.689,1,1,False,1
52,1,VER,Red Bull Racing,96.919,5153.608,1,1,False,1
53,1,VER,Red Bull Racing,96.89,5250.498,1,1,False,1
54,1,VER,Red Bull Racing,96.678,5347.176,1,1,False,1
55,1,VER,Red Bull Racing,96.322,5443.498,1,1,False,1
56,1,VER,Red Bull Racing,97.205,5540.703,1,1,False,1
57,1,VER,Red Bull Racing,96.373,5637.076,1,1,False,1
1,2,2,,107.124,107.124,13,13,False,13
2,2,2,,100.467,207.591,13,13,False,13
3,2,2,,100.349,307.94,13,13,False,13
4,2,2,,100.644,408.584,13,13,False,13
5,2,2,,100.902,509.486,13,13,False,13
6,2,2,,100.791,610.277,13,13,False,13
7,2,2,,100.892,711.169,13,13,False,13
8,2,2,,100.868,812.037,13,13,False,13
9,2,2,,100.908,912.9449999999999,13,13,False,13
10,2,2,,101.133,1014.078,12,12,False,12
11,2,2,,101.532,1115.61,12,11,False,12
12,2,2,,103.88,1219.49,10,10,False,10
13,2,2,,120.255,1339.745,15,15,True,15
14,2,2,,98.413,1438.158,15,15,False,15
15,2,2,,99.033,1537.191,15,15,False,15
16,2,2,,98.988,1636.179,13,13,False,13
17,2,2,,99.439,1735.618,13,13,False,13
18,2,2,,99.399,1835.017,13,13,False,13
19,2,2,,99.22,1934.237,13,13,False,13
20,2,2,,99.186,2033.423,13,13,False,13
21,2,2,,99.612,2133.035,13,13,False,13
22,2,2,,99.362,2232.397,13,13,False,13
23,2,2,,99.692,2332.089,13,13,False,13
24,2,2,,99.872,2431.961,13,13,False,13
25,2,2,,99.834,2531.795,13,13,False,13
26,2,2,,100.006,2631.801,12,12,False,12
27,2,2,,99.602,2731.403,10,10,False,10
28,2,2,,99.62,2831.023,10,10,False,10
29,2,2,,99.673,2930.696,10,10,False,10
30,2,2,,102.409,3033.105,10,10,False,10
31,2,2,,119.303,3152.408,14,14,True,14
32,2,2,,97.613,3250.021,14,14,False,14
33,2,2,,97.862,3347.883,13,13,False,13
34,2,2,,97.902,3445.785,13,13,False,13
35,2,2,,98.029,3543.814,13,13,False,13
36,2,2,,97.717,3641.531,13,13,False,13
37,2,2,,97.831,3739.362,13,13,False,13
38,2,2,,98.015,3837.377,13,13,False,13
39,2,2,,97.971,3935.348,13,13,False,13
40,2,2,,113.753,4049.101,12,13,False,12
41,2,2,,125.614,4174.715,14,14,True,14
42,2,2,,96.037,4270.752,14,14,False,14
43,2,2,,96.801,4367.553,14,13,False,14
44,2,2,,97.407,4464.96,13,13,False,13
45,2,2,,97.462,4562.422,13,13,False,13
46,2,2,,98.441,4660.863,13,13,False,13
47,2,2,,97.227,4758.09,12,12,False,12
48,2,2,,97.068,4855.158,12,12,False,12
49,2,2,,97.225,4952.383,12,12,False,12
50,2,2,,97.29,5049.673,12,12,False,12
51,2,2,,97.472,5147.145,12,12,False,12
52,2,2,,97.456,5244.601,12,12,False,12
53,2,2,,97.662,5342.263,12,12,False,12
54,2,2,,97.936,5440.199,12,12,False,12
55,2,2,,98.316,5538.515,12,12,False,12
56,2,2,,99.626,5638.141,12,12,False,12
1,4,NOR,McLaren,105.733,105.733,10,10,False,10
2,4,NOR,McLaren,100.433,206.166,10,10,False,10
3,4,NOR,McLaren,99.777,305.943,10,10,False,10
4,4,NOR,McLaren,102.267,408.21000000000004,12,12,False,12
5,4,NOR,McLaren,100.664,508.874,12,12,False,12
6,4,NOR,McLaren,100.814,609.688,12,12,False,12
7,4,NOR,McLaren,100.726,710.414,12,12,False,12
8,4,NOR,McLaren,100.857,811.271,12,12,False,12
9,4,NOR,McLaren,100.783,912.054,12,12,False,12
10,4,NOR,McLaren,103.521,1015.575,13,13,False,13
11,4,NOR,McLaren,129.886,1145.461,20,20,True,20
12,4,NOR,McLaren,99.314,1244.775,18,18,False,18
13,4,NOR,McLaren,99.51,1344.285,17,17,False,17
14,4,NOR,McLaren,99.243,1443.528,16,17,False,16
15,4,NOR,McLaren,98.87,1542.398,16,16,False,16
16,4,NOR,McLaren,98.86,1641.258,14,14,False,14
17,4,NOR,McLaren,101.501,1742.759,15,15,False,15
18,4,NOR,McLaren,128.607,1871.366,19,19,True,19
19,4,NOR,McLaren,97.966,1969.332,19,19,False,19
20,4,NOR,McLaren,98.345,2067.677,19,19,False,19
21,4,NOR,McLaren,98.297,2165.974,19,19,False,19
22,4,NOR,McLaren,98.908,2264.882,19,19,False,19
23,4,NOR,McLaren,98.291,2363.173,18,18,False,18
24,4,NOR,McLaren,98.696,2461.869,18,18,False,18
25,4,NOR,McLaren,98.447,2560.316,18,18,False,18
26,4,NOR,McLaren,98.44,2658.756,18,18,False,18
27,4,NOR,McLaren,100.973,2759.729,17,17,False,17
28,4,NOR,McLaren,127.663,2887.392,19,19,True,19
29,4,NOR,McLaren,97.26,2984.652,19,19,False,19
30,4,NOR,McLaren,97.605,3082.257,19,19,False,19
31,4,NOR,McLaren,97.768,3180.025,19,19,False,19
32,4,NOR,McLaren,98.111,3278.136,19,19,False,19
33,4,NOR,McLaren,97.52,3375.656,18,18,False,18
34,4,NOR,McLaren,97.987,3473.643,18,18,False,18
35,4,NOR,McLaren,97.87,3571.513,18,18,False,18
36,4,NOR,McLaren,99.886,3671.399,18,18,False,18
37,4,NOR,McLaren,100.197,3771.596,18,18,False,18
38,4,NOR,McLaren,128.682,3900.278,19,19,True,19
39,4,NOR,McLaren,98.347,3998.625,19,19,False,19
40,4,NOR,McLaren,127.97,4126.595,18,19,False,18
41,4,NOR,McLaren,96.705,4223.3,18,18,False,18
42,4,NOR,McLaren,96.668,4319.968,17,18,False,17
43,4,NOR,McLaren,96.687,4416.655,17,17,False,17
44,4,NOR,McLaren,97.219,4513.874,17,17,False,17
45,4,NOR,McLaren,97.426,4611.3,17,17,False,17
46,4,NOR,McLaren,97.656,4708.956,17,17,False,17
47,4,NOR,McLaren,100.433,4809.389,17,17,False,17
48,4,NOR,McLaren,126.905,4936.294,17,17,True,17
49,4,NOR,McLaren,99.08,5035.374,17,17,False,17
50,4,NOR,McLaren,95.257,5130.631,17,17,False,17
51,4,NOR,McLaren,95.822,5226.453,17,17,False,17
52,4,NOR,McLaren,96.152,5322.605,17,17,False,17
53,4,NOR,McLaren,96.5,5419.105,17,17,False,17
54,4,NOR,McLaren,99.789,5518.894,17,17,False,17
55,4,NOR,McLaren,124.847,5643.741,17,17,True,17
1,10,GAS,Alpine,110.03,110.03,19,19,False,19
2,10,GAS,Alpine,100.438,210.46800000000002,18,18,False,18
3,10,GAS,Alpine,100.643,311.111,18,18,False,18
4,10,GAS,Alpine,100.894,412.005,18,18,False,18
5,10,GAS,Alpine,100.818,512.823,18,18,False,18
6,10,GAS,Alpine,101.11,613.933,18,18,False,18
7,10,GAS,Alpine,101.134,715.067,18,18,False,18
8,10,GAS,Alpine,101.173,816.24,18,18,False,18
9,10,GAS,Alpine,104.201,920.441,19,19,False,19
10,10,GAS,Alpine,121.262,1041.703,20,20,True,20
11,10,GAS,Alpine,98.762,1140.465,19,19,False,19
12,10,GAS,Alpine,98.928,1239.393,17,17,False,17
13,10,GAS,Alpine,99.349,1338.742,14,14,False,14
14,10,GAS,Alpine,98.859,1437.601,14,14,False,14
15,10,GAS,Alpine,98.985,1536.586,14,14,False,14
16,10,GAS,Alpine,98.945,1635.531,12,12,False,12
17,10,GAS,Alpine,99.011,1734.542,12,12,False,12
18,10,GAS,Alpine,99.029,1833.571,12,12,False,12
19,10,GAS,Alpine,99.066,1932.637,12,12,False,12
20,10,GAS,Alpine,99.017,2031.654,12,12,False,12
21,10,GAS,Alpine,99.327,2130.9809999999998,12,12,False,12
22,10,GAS,Alpine,99.485,2230.466,12,12,False,12
23,10,GAS,Alpine,99.263,2329.729,12,12,False,12
24,10,GAS,Alpine,99.761,2429.49,12,12,False,12
25,10,GAS,Alpine,102.288,2531.778,12,12,False,12
26,10,GAS,Alpine,119.404,2651.182,17,17,True,17
27,10,GAS,Alpine,98.729,2749.911,15,15,False,15
28,10,GAS,Alpine,97.761,2847.672,14,14,False,14
29,10,GAS,Alpine,98.012,2945.684,14,14,False,14
30,10,GAS,Alpine,97.76,3043.444,13,13,False,13
31,10,GAS,Alpine,97.968,3141.412,12,12,False,12
32,10,GAS,Alpine,98.012,3239.424,12,12,False,12
33,10,GAS,Alpine,97.974,3337.398,11,11,False,11
34,10,GAS,Alpine,98.022,3435.42,11,11,False,11
35,10,GAS,Alpine,98.088,3533.508,11,11,False,11
36,10,GAS,Alpine,98.184,3631.692,11,11,False,11
37,10,GAS,Alpine,98.133,3729.825,11,11,False,11
38,10,GAS,Alpine,98.108,3827.933,11,11,False,11
39,10,GAS,Alpine,98.537,3926.47,11,11,False,11
40,10,GAS,Alpine,109.707,4036.177,10,11,False,10
41,10,GAS,Alpine,128.544,4164.721,10,10,True,10
42,10,GAS,Alpine,95.068,4259.789,9,9,False,9
43,10,GAS,Alpine,95.942,4355.731,9,9,False,9
44,10,GAS,Alpine,95.792,4451.523,9,9,False,9
45,10,GAS,Alpine,96.186,4547.709,9,9,False,9
46,10,GAS,Alpine,96.041,4643.75,9,9,False,9
47,10,GAS,Alpine,96.12,4739.87,9,9,False,9
48,10,GAS,Alpine,96.368,4836.238,9,9,False,9
49,10,GAS,Alpine,96.803,4933.041,9,9,False,9
50,10,GAS,Alpine,96.551,5029.592,9,9,False,9
51,10,GAS,Alpine,96.635,5126.227,9,9,False,9
52,10,GAS,Alpine,96.891,5223.118,9,9,False,9
53,10,GAS,Alpine,96.979,5320.097,9,9,False,9
54,10,GAS,Alpine,97.222,5417.319,9,9,False,9
55,10,GAS,Alpine,97.559,5514.878,9,9,False,9
56,10,GAS,Alpine,97.845,5612.723,9,9,False,9
57,10,GAS,Alpine,98.147,5710.87,9,9,False,9
1,11,11,,101.405,101.405,3,3,False,3
2,11,11,,98.862,200.267,3,3,False,3
3,11,11,,98.83,299.097,3,3,False,3
4,11,11,,98.758,397.855,3,3,False,3
5,11,11,,98.404,496.259,3,3,False,3
6,11,11,,98.718,594.977,3,3,False,3
7,11,11,,98.804,693.781,3,3,False,3
8,11,11,,99.172,792.953,3,3,False,3
9,11,11,,98.914,891.867,3,3,False,3
10,11,11,,99.085,990.952,3,3,False,3
11,11,11,,99.249,1090.201,3,3,False,3
12,11,11,,99.197,1189.398,3,3,False,3
13,11,11,,99.336,1288.734,2,2,False,2
14,11,11,,98.739,1387.473,2,2,False,2
15,11,11,,98.608,1486.081,1,1,False,1
16,11,11,,98.77,1584.8509999999999,1,1,False,1
17,11,11,,101.36,1686.211,1,1,False,1
18,11,11,,118.797,1805.008,3,3,True,3
19,11,11,,97.659,1902.667,3,3,False,3
20,11,11,,97.448,2000.115,3,3,False,3
21,11,11,,97.24,2097.355,3,3,False,3
22,11,11,,97.169,2194.524,3,3,False,3
23,11,11,,97.304,2291.828,3,3,False,3
24,11,11,,97.352,2389.18,3,3,False,3
25,11,11,,98.418,2487.598,3,3,False,3
26,11,11,,97.454,2585.052,2,2,False,2
27,11,11,,97.387,2682.439,2,2,False,2
28,11,11,,97.211,2779.65,2,2,False,2
29,11,11,,97.733,2877.383,2,2,False,2
30,11,11,,97.4,2974.783,2,2,False,2
31,11,11,,97.919,3072.7019999999998,2,2,False,2
32,11,11,,97.722,3170.424,2,2,False,2
33,11,11,,97.869,3268.293,2,2,False,2
34,11,11,,100.686,3368.979,2,2,False,2
35,11,11,,118.785,3487.764,2,2,True,2
36,11,11,,96.82,3584.584,2,2,False,2
37,11,11,,96.344,3680.928,2,2,False,2
38,11,11,,96.431,3777.359,2,2,False,2
39,11,11,,96.429,3873.788,2,2,False,2
40,11,11,,97.114,3970.902,2,2,False,2
41,11,11,,123.522,4094.424,2,2,False,2
42,11,11,,99.657,4194.081,2,2,False,2
43,11,11,,96.554,4290.635,2,2,False,2
44,11,11,,96.978,4387.613,2,2,False,2
45,11,11,,96.928,4484.541,2,2,False,2
46,11,11,,97.257,4581.798,2,2,False,2
47,11,11,,96.661,4678.459,2,2,False,2
48,11,11,,96.859,4775.318,2,2,False,2
49,11,11,,97.049,4872.367,2,2,False,2
50,11,11,,97.731,4970.098,2,2,False,2
51,11,11,,97.049,5067.147,2,2,False,2
52,11,11,,97.062,5164.209,2,2,False,2
53,11,11,,97.345,5261.554,2,2,False,2
54,11,11,,97.296,5358.85,2,2,False,2
55,11,11,,97.092,5455.942,2,2,False,2
56,11,11,,96.565,5552.507,2,2,False,2
57,11,11,,96.558,5649.065,2,2,False,2
1,14,ALO,Aston Martin,103.968,103.968,7,7,False,7
2,14,ALO,Aston Martin,99.792,203.76,7,7,False,7
3,14,ALO,Aston Martin,99.1,302.86,7,7,False,7
4,14,ALO,Aston Martin,99.548,402.408,7,7,False,7
5,14,ALO,Aston Martin,99.662,502.07,7,7,False,7
6,14,ALO,Aston Martin,99.674,601.744,7,7,False,7
7,14,ALO,Aston Martin,99.729,701.473,7,7,False,7
8,14,ALO,Aston Martin,99.959,801.432,7,7,False,7
9,14,ALO,Aston Martin,100.275,901.707,7,7,False,7
10,14,ALO,Aston Martin,100.203,1001.9100000000001,7,7,False,7
11,14,ALO,Aston Martin,101.147,1103.057,7,7,False,7
12,14,ALO,Aston Martin,100.934,1203.991,6,6,False,6
13,14,ALO,Aston Martin,100.341,1304.332,5,5,False,5
14,14,ALO,Aston Martin,102.212,1406.544,4,4,False,4
15,14,ALO,Aston Martin,119.692,1526.236,8,8,True,8
16,14,ALO,Aston Martin,97.542,1623.778,7,7,False,7
17,14,ALO,Aston Martin,98.139,1721.917,6,6,False,6
18,14,ALO,Aston Martin,98.124,1820.041,6,6,False,6
19,14,ALO,Aston Martin,98.361,1918.402,6,6,False,6
20,14,ALO,Aston Martin,98.318,2016.72,6,6,False,6
21,14,ALO,Aston Martin,98.407,2115.127,6,6,False,6
22,14,ALO,Aston Martin,98.2,2213.327,6,6,False,6
23,14,ALO,Aston Martin,97.853,2311.18,6,6,False,6
24,14,ALO,Aston Martin,97.878,2409.058,6,6,False,6
25,14,ALO,Aston Martin,98.139,2507.197,6,6,False,6
26,14,ALO,Aston Martin,98.127,2605.324,6,6,False,6
27,14,ALO,Aston Martin,98.612,2703.936,6,6,False,6
28,14,ALO,Aston Martin,98.199,2802.135,6,6,False,6
29,14,ALO,Aston Martin,98.585,2900.72,6,6,False,6
30,14,ALO,Aston Martin,98.282,2999.002,5,5,False,5
31,14,ALO,Aston Martin,98.009,3097.011,5,5,False,5
32,14,ALO,Aston Martin,97.871,3194.882,4,4,False,4
33,14,ALO,Aston Martin,97.769,3292.651,4,4,False,4
34,14,ALO,Aston Martin,100.353,3393.004,3,3,False,3
35,14,ALO,Aston Martin,117.389,3510.393,6,6,True,6
36,14,ALO,Aston Martin,96.156,3606.549,6,6,False,6
37,14,ALO,Aston Martin,97.431,3703.98,6,6,False,6
38,14,ALO,Aston Martin,97.002,3800.982,5,5,False,5
39,14,ALO,Aston Martin,97.243,3898.225,5,5,False,5
40,14,ALO,Aston Martin,97.208,3995.433,4,4,False,4
41,14,ALO,Aston Martin,126.713,4122.146,4,4,False,4
42,14,ALO,Aston Martin,96.334,4218.48,4,4,False,4
43,14,ALO,Aston Martin,96.911,4315.391,4,4,False,4
44,14,ALO,Aston Martin,97.022,4412.413,4,4,False,4
45,14,ALO,Aston Martin,97.931,4510.344,3,3,False,3
46,14,ALO,Aston Martin,97.087,4607.431,3,3,False,3
47,14,ALO,Aston Martin,97.326,4704.757,3,3,False,3
48,14,ALO,Aston Martin,96.783,4801.54,3,3,False,3
49,14,ALO,Aston Martin,96.726,4898.266,3,3,False,3
50,14,ALO,Aston Martin,96.331,4994.597,3,3,False,3
51,14,ALO,Aston Martin,96.96,5091.557,3,3,False,3
52,14,ALO,Aston Martin,97.01,5188.567,3,3,False,3
53,14,ALO,Aston Martin,97.01,5285.577,3,3,False,3
54,14,ALO,Aston Martin,97.599,5383.176,3,3,False,3
55,14,ALO,Aston Martin,97.662,5480.838,3,3,False,3
56,14,ALO,Aston Martin,97.473,5578.311,3,3,False,3
57,14,ALO,Aston Martin,97.422,5675.733,3,3,False,3
1,16,LEC,Ferrari,100.609,100.609,2,2,False,2
2,16,LEC,Ferrari,98.75,199.35899999999998,2,2,False,2
3,16,LEC,Ferrari,98.658,298.017,2,2,False,2
4,16,LEC,Ferrari,98.825,396.842,2,2,False,2
5,16,LEC,Ferrari,98.664,495.506,2,2,False,2
6,16,LEC,Ferrari,98.572,594.078,2,2,False,2
7,16,LEC,Ferrari,98.691,692.769,2,2,False,2
8,16,LEC,Ferrari,98.614,791.383,2,2,False,2
9,16,LEC,Ferrari,98.828,890.211,2,2,False,2
10,16,LEC,Ferrari,99.073,989.284,2,2,False,2
11,16,LEC,Ferrari,99.212,1088.496,2,2,False,2
12,16,LEC,Ferrari,99.489,1187.9850000000001,2,2,False,2
13,16,LEC,Ferrari,102.068,1290.053,3,3,False,3
14,16,LEC,Ferrari,118.77,1408.823,5,5,True,5
15,16,LEC,Ferrari,98.477,1507.3,3,3,False,3
16,16,LEC,Ferrari,97.953,1605.253,3,3,False,3
17,16,LEC,Ferrari,98.031,1703.284,3,3,False,3
18,16,LEC,Ferrari,97.798,1801.082,2,2,False,2
19,16,LEC,Ferrari,97.858,1898.94,2,2,False,2
20,16,LEC,Ferrari,97.631,1996.571,2,2,False,2
21,16,LEC,Ferrari,97.753,2094.324,2,2,False,2
22,16,LEC,Ferrari,98.162,2192.486,2,2,False,2
23,16,LEC,Ferrari,98.054,2290.54,2,2,False,2
24,16,LEC,Ferrari,97.972,2388.512,2,2,False,2
25,16,LEC,Ferrari,98.541,2487.053,2,2,False,2
26,16,LEC,Ferrari,99.668,2586.721,3,3,False,3
27,16,LEC,Ferrari,98.814,2685.535,3,3,False,3
28,16,LEC,Ferrari,98.618,2784.1530000000002,3,3,False,3
29,16,LEC,Ferrari,98.447,2882.6,3,3,False,3
30,16,LEC,Ferrari,98.39,2980.9900000000002,3,3,False,3
31,16,LEC,Ferrari,98.746,3079.736,3,3,False,3
32,16,LEC,Ferrari,98.948,3178.684,3,3,False,3
33,16,LEC,Ferrari,101.323,3280.007,3,3,False,3
34,16,LEC,Ferrari,119.477,3399.484,4,4,True,4
35,16,LEC,Ferrari,98.073,3497.557,3,3,False,3
36,16,LEC,Ferrari,97.313,3594.87,3,3,False,3
37,16,LEC,Ferrari,97.17,3692.04,3,3,False,3
38,16,LEC,Ferrari,97.17,3789.21,3,3,False,3
39,16,LEC,Ferrari,97.287,3886.497,3,3,False,3
40,16,LEC,Ferrari,110.2635,3996.7605,8,6,False,8
1,18,STR,Aston Martin,105.015,105.015,9,9,False,9
2,18,STR,Aston Martin,99.892,204.90699999999998,9,9,False,9
3,18,STR,Aston Martin,99.625,304.532,9,9,False,9
4,18,STR,Aston Martin,99.745,404.277,9,9,False,9
5,18,STR,Aston Martin,99.144,503.421,8,8,False,8
6,18,STR,Aston Martin,99.714,603.135,8,8,False,8
7,18,STR,Aston Martin,99.945,703.08,8,8,False,8
8,18,STR,Aston Martin,99.801,802.881,8,8,False,8
9,18,STR,Aston Martin,100.106,902.987,8,8,False,8
10,18,STR,Aston Martin,100.192,1003.179,8,8,False,8
11,18,STR,Aston Martin,100.923,1104.102,8,8,False,8
12,18,STR,Aston Martin,101.039,1205.141,8,8,False,8
13,18,STR,Aston Martin,101.12,1306.261,7,6,False,7
14,18,STR,Aston Martin,100.002,1406.263,3,3,False,3
15,18,STR,Aston Martin,102.841,1509.104,4,4,False,4
16,18,STR,Aston Martin,119.876,1628.98,9,9,True,9
17,18,STR,Aston Martin,97.507,1726.487,9,9,False,9
18,18,STR,Aston Martin,98.127,1824.614,9,9,False,9
19,18,STR,Aston Martin,98.587,1923.201,9,9,False,9
20,18,STR,Aston Martin,98.038,2021.239,8,8,False,8
21,18,STR,Aston Martin,98.273,2119.512,8,8,False,8
22,18,STR,Aston Martin,98.73,2218.242,8,8,False,8
23,18,STR,Aston Martin,98.295,2316.537,8,8,False,8
24,18,STR,Aston Martin,98.478,2415.015,8,8,False,8
25,18,STR,Aston Martin,98.25,2513.265,8,8,False,8
26,18,STR,Aston Martin,98.482,2611.747,8,8,False,8
27,18,STR,Aston Martin,99.021,2710.768,8,8,False,8
28,18,STR,Aston Martin,98.723,2809.491,8,8,False,8
29,18,STR,Aston Martin,98.71,2908.201,8,8,False,8
30,18,STR,Aston Martin,101.467,3009.668,8,8,False,8
31,18,STR,Aston Martin,117.063,3126.7309999999998,8,8,True,8
32,18,STR,Aston Martin,96.546,3223.277,7,7,False,7
33,18,STR,Aston Martin,97.21,3320.487,7,7,False,7
34,18,STR,Aston Martin,97.168,3417.655,7,7,False,7
35,18,STR,Aston Martin,97.521,3515.176,7,7,False,7
36,18,STR,Aston Martin,97.72,3612.896,7,7,False,7
37,18,STR,Aston Martin,97.68,3710.576,7,7,False,7
38,18,STR,Aston Martin,97.274,3807.85,7,7,False,7
39,18,STR,Aston Martin,97.456,3905.306,7,7,False,7
40,18,STR,Aston Martin,97.916,4003.222,6,7,False,6
41,18,STR,Aston Martin,126.809,4130.031,6,6,False,6
42,18,STR,Aston Martin,97.298,4227.329,6,6,False,6
43,18,STR,Aston Martin,97.304,4324.633,6,6,False,6
44,18,STR,Aston Martin,97.299,4421.932,6,6,False,6
45,18,STR,Aston Martin,97.222,4519.154,6,6,False,6
46,18,STR,Aston Martin,97.562,4616.716,6,6,False,6
47,18,STR,Aston Martin,97.257,4713.973,6,6,False,6
48,18,STR,Aston Martin,97.448,4811.421,6,6,False,6
49,18,STR,Aston Martin,97.551,4908.972,6,6,False,6
50,18,STR,Aston Martin,97.388,5006.36,6,6,False,6
51,18,STR,Aston Martin,97.866,5104.226,6,6,False,6
52,18,STR,Aston Martin,97.579,5201.805,6,6,False,6
53,18,STR,Aston Martin,98.379,5300.184,6,6,False,6
54,18,STR,Aston Martin,97.597,5397.781,6,6,False,6
55,18,STR,Aston Martin,97.701,5495.482,6,6,False,6
56,18,STR,Aston Martin,98.11,5593.592,6,6,False,6
57,18,STR,Aston Martin,97.991,5691.583,6,6,False,6
1,20,20,,109.671,109.671,18,18,False,18
2,20,20,,101.521,211.192,19,19,False,19
3,20,20,,101.978,313.17,20,20,False,20
4,20,20,,100.773,413.943,20,20,False,20
5,20,20,,101.34,515.283,20,20,False,20
6,20,20,,101.125,616.408,20,20,False,20
7,20,20,,101.526,717.934,20,20,False,20
8,20,20,,101.283,819.217,20,20,False,20
9,20,20,,101.278,920.495,20,20,False,20
10,20,20,,101.719,1022.2139999999999,19,19,False,19
11,20,20,,102.049,1124.263,15,15,False,15
12,20,20,,101.345,1225.608,13,13,False,13
13,20,20,,101.654,1327.262,9,9,False,9
14,20,20,,101.739,1429.001,9,9,False,9
15,20,20,,104.899,1533.9,11,11,False,11
16,20,20,,120.587,1654.487,18,18,True,18
17,20,20,,98.319,1752.806,18,18,False,18
18,20,20,,98.274,1851.08,17,17,False,17
19,20,20,,98.803,1949.883,17,17,False,17
20,20,20,,99.083,2048.966,17,17,False,17
21,20,20,,99.086,2148.052,17,17,False,17
22,20,20,,98.913,2246.965,17,17,False,17
23,20,20,,99.027,2345.992,17,17,False,17
24,20,20,,98.947,2444.939,17,17,False,17
25,20,20,,99.476,2544.415,17,17,False,17
26,20,20,,99.601,2644.016,15,15,False,15
27,20,20,,99.298,2743.314,13,13,False,13
28,20,20,,99.316,2842.63,12,12,False,12
29,20,20,,101.979,2944.609,12,13,False,12
30,20,20,,120.933,3065.542,17,17,True,17
31,20,20,,98.593,3164.135,17,17,False,17
32,20,20,,97.644,3261.779,16,16,False,16
33,20,20,,97.097,3358.876,16,16,False,16
34,20,20,,97.528,3456.404,16,16,False,16
35,20,20,,97.46,3553.864,16,16,False,16
36,20,20,,97.754,3651.618,16,16,False,16
37,20,20,,97.998,3749.616,16,16,False,16
38,20,20,,98.303,3847.919,16,16,False,16
39,20,20,,98.587,3946.506,16,16,False,16
40,20,20,,117.797,4064.303,15,16,False,15
41,20,20,,122.547,4186.85,15,15,True,15
42,20,20,,96.471,4283.321,15,15,False,15
43,20,20,,96.942,4380.263,15,15,False,15
44,20,20,,96.588,4476.851,15,15,False,15
45,20,20,,97.126,4573.977,15,15,False,15
46,20,20,,97.589,4671.566,15,15,False,15
47,20,20,,97.629,4769.195,15,15,False,15
48,20,20,,97.607,4866.802,15,15,False,15
49,20,20,,97.739,4964.541,15,15,False,15
50,20,20,,98.315,5062.856,15,15,False,15
51,20,20,,98.157,5161.013,14,14,False,14
52,20,20,,97.963,5258.976,14,14,False,14
53,20,20,,97.982,5356.958,14,14,False,14
54,20,20,,99.651,5456.609,14,14,False,14
55,20,20,,98.446,5555.055,13,13,False,13
56,20,20,,98.779,5653.834,13,13,False,13
1,21,21,,110.343,110.343,20,20,False,20
2,21,21,,101.289,211.632,20,20,False,20
3,21,21,,100.914,312.546,19,19,False,19
4,21,21,,100.373,412.919,19,19,False,19
5,21,21,,100.63,513.549,19,19,False,19
6,21,21,,101.125,614.674,19,19,False,19
7,21,21,,101.166,715.84,19,19,False,19
8,21,21,,101.23,817.07,19,19,False,19
9,21,21,,101.573,918.643,18,18,False,18
10,21,21,,101.666,1020.309,18,18,False,18
11,21,21,,105.46,1125.769,17,17,False,17
12,21,21,,121.184,1246.953,19,19,True,19
13,21,21,,98.924,1345.877,18,18,False,18
14,21,21,,98.829,1444.706,17,18,False,17
15,21,21,,98.868,1543.574,17,17,False,17
16,21,21,,99.127,1642.701,15,15,False,15
17,21,21,,98.996,1741.697,14,14,False,14
18,21,21,,99.054,1840.751,14,14,False,14
19,21,21,,99.078,1939.829,14,14,False,14
20,21,21,,99.182,2039.011,14,14,False,14
21,21,21,,99.182,2138.193,14,14,False,14
22,21,21,,99.296,2237.489,14,14,False,14
23,21,21,,99.542,2337.031,14,14,False,14
24,21,21,,99.807,2436.838,14,14,False,14
25,21,21,,100.96,2537.798,15,15,False,15
26,21,21,,99.97,2637.768,14,14,False,14
27,21,21,,102.309,2740.0769999999998,12,12,False,12
28,21,21,,120.083,2860.16,16,16,True,16
29,21,21,,98.121,2958.281,16,16,False,16
30,21,21,,97.709,3055.99,15,15,False,15
31,21,21,,97.909,3153.899,15,15,False,15
32,21,21,,97.902,3251.801,15,15,False,15
33,21,21,,97.933,3349.734,14,14,False,14
34,21,21,,98.266,3448.0,14,14,False,14
35,21,21,,98.123,3546.123,14,14,False,14
36,21,21,,98.206,3644.329,14,14,False,14
37,21,21,,98.423,3742.752,14,14,False,14
38,21,21,,98.379,3841.131,14,14,False,14
39,21,21,,98.535,3939.666,14,14,False,14
40,21,21,,113.544,4053.21,13,14,False,13
41,21,21,,114.359,4167.569,11,11,False,11
42,21,21,,99.873,4267.442,12,12,False,12
43,21,21,,100.177,4367.619,13,14,False,13
44,21,21,,99.588,4467.207,14,14,False,14
45,21,21,,98.889,4566.096,14,14,False,14
46,21,21,,98.871,4664.967,14,14,False,14
47,21,21,,98.921,4763.888,14,14,False,14
48,21,21,,100.441,4864.329,14,14,False,14
49,21,21,,98.985,4963.314,14,14,False,14
50,21,21,,99.089,5062.403,14,14,False,14
51,21,21,,100.475,5162.878,15,15,False,15
52,21,21,,100.33,5263.208,15,15,False,15
53,21,21,,99.15,5362.358,15,15,False,15
54,21,21,,98.885,5461.243,15,15,False,15
55,21,21,,99.239,5560.482,14,14,False,14
56,21,21,,99.161,5659.643,14,14,False,14
1,22,TSU,Red Bull Racing,108.14,108.14,15,15,False,15
2,22,TSU,Red Bull Racing,100.837,208.977,15,15,False,15
3,22,TSU,Red Bull Racing,100.243,309.22,15,15,False,15
4,22,TSU,Red Bull Racing,99.95,409.17,14,14,False,14
5,22,TSU,Red Bull Racing,101.131,510.301,14,14,False,14
6,22,TSU,Red Bull Racing,100.886,611.187,14,14,False,14
7,22,TSU,Red Bull Racing,100.952,712.139,14,14,False,14
8,22,TSU,Red Bull Racing,100.846,812.985,14,14,False,14
9,22,TSU,Red Bull Racing,101.01,913.995,14,14,False,14
10,22,TSU,Red Bull Racing,103.749,1017.744,14,14,False,14
11,22,TSU,Red Bull Racing,119.843,1137.587,18,18,True,18
12,22,TSU,Red Bull Racing,99.143,1236.73,16,16,False,16
13,22,TSU,Red Bull Racing,99.471,1336.201,13,13,False,13
14,22,TSU,Red Bull Racing,98.742,1434.943,13,13,False,13
15,22,TSU,Red Bull Racing,98.975,1533.9180000000001,12,12,False,12
16,22,TSU,Red Bull Racing,99.061,1632.979,11,11,False,11
17,22,TSU,Red Bull Racing,99.021,1732.0,11,11,False,11
18,22,TSU,Red Bull Racing,99.302,1831.3020000000001,11,11,False,11
19,22,TSU,Red Bull Racing,99.17,1930.472,11,11,False,11
20,22,TSU,Red Bull Racing,99.282,2029.754,11,11,False,11
21,22,TSU,Red Bull Racing,99.325,2129.079,11,11,False,11
22,22,TSU,Red Bull Racing,99.439,2228.518,11,11,False,11
23,22,TSU,Red Bull Racing,99.632,2328.15,11,11,False,11
24,22,TSU,Red Bull Racing,100.109,2428.259,11,11,False,11
25,22,TSU,Red Bull Racing,99.746,2528.005,11,11,False,11
26,22,TSU,Red Bull Racing,102.227,2630.232,11,11,False,11
27,22,TSU,Red Bull Racing,120.3,2750.532,16,16,True,16
28,22,TSU,Red Bull Racing,97.824,2848.356,15,15,False,15
29,22,TSU,Red Bull Racing,97.779,2946.135,15,15,False,15
30,22,TSU,Red Bull Racing,98.147,3044.282,14,14,False,14
31,22,TSU,Red Bull Racing,97.813,3142.095,13,13,False,13
32,22,TSU,Red Bull Racing,98.017,3240.112,13,13,False,13
33,22,TSU,Red Bull Racing,98.094,3338.206,12,12,False,12
34,22,TSU,Red Bull Racing,98.13,3436.336,12,12,False,12
35,22,TSU,Red Bull Racing,98.163,3534.499,12,12,False,12
36,22,TSU,Red Bull Racing,98.059,3632.558,12,12,False,12
37,22,TSU,Red Bull Racing,98.075,3730.633,12,12,False,12
38,22,TSU,Red Bull Racing,98.084,3828.717,12,12,False,12
39,22,TSU,Red Bull Racing,98.419,3927.136,12,12,False,12
40,22,TSU,Red Bull Racing,110.35,4037.486,11,12,False,11
41,22,TSU,Red Bull Racing,130.782,4168.268,13,13,True,13
42,22,TSU,Red Bull Racing,96.637,4264.905,11,11,False,11
43,22,TSU,Red Bull Racing,97.028,4361.933,11,11,False,11
44,22,TSU,Red Bull Racing,97.01,4458.943,11,11,False,11
45,22,TSU,Red Bull Racing,97.021,4555.964,11,11,False,11
46,22,TSU,Red Bull Racing,97.258,4653.222,11,11,False,11
47,22,TSU,Red Bull Racing,97.359,4750.581,11,11,False,11
48,22,TSU,Red Bull Racing,97.238,4847.819,11,11,False,11
49,22,TSU,Red Bull Racing,97.528,4945.347,11,11,False,11
50,22,TSU,Red Bull Racing,97.624,5042.971,11,11,False,11
51,22,TSU,Red Bull Racing,97.706,5140.677,11,11,False,11
52,22,TSU,Red Bull Racing,97.59,5238.267,11,11,False,11
53,22,TSU,Red Bull Racing,97.675,5335.942,11,11,False,11
54,22,TSU,Red Bull Racing,97.72,5433.662,11,11,False,11
55,22,TSU,Red Bull Racing,97.945,5531.607,11,11,False,11
56,22,TSU,Red Bull Racing,98.102,5629.709,11,11,False,11
57,22,TSU,Red Bull Racing,98.246,5727.955,11,11,False,11
1,23,ALB,Williams,106.812,106.812,12,12,False,12
2,23,ALB,Williams,100.43,207.24200000000002,12,12,False,12
3,23,ALB,Williams,100.143,307.385,12,12,False,12
4,23,ALB,Williams,99.761,407.146,11,11,False,11
5,23,ALB,Williams,100.606,507.752,11,11,False,11
6,23,ALB,Williams,100.744,608.496,11,11,False,11
7,23,ALB,Williams,100.646,709.142,11,11,False,11
8,23,ALB,Williams,100.918,810.06,11,11,False,11
9,23,ALB,Williams,100.969,911.029,11,11,False,11
10,23,ALB,Williams,101.119,1012.148,11,11,False,11
11,23,ALB,Williams,103.948,1116.096,12,12,False,12
12,23,ALB,Williams,119.445,1235.541,15,15,True,15
13,23,ALB,Williams,98.649,1334.19,11,11,False,11
14,23,ALB,Williams,98.472,1432.662,11,11,False,11
15,23,ALB,Williams,99.158,1531.82,10,10,False,10
16,23,ALB,Williams,99.253,1631.0729999999999,10,10,False,10
17,23,ALB,Williams,99.094,1730.167,10,10,False,10
18,23,ALB,Williams,99.049,1829.216,10,10,False,10
19,23,ALB,Williams,99.272,1928.488,10,10,False,10
20,23,ALB,Williams,99.299,2027.787,10,10,False,10
21,23,ALB,Williams,99.591,2127.378,10,10,False,10
22,23,ALB,Williams,99.588,2226.966,10,10,False,10
23,23,ALB,Williams,99.802,2326.768,10,10,False,10
24,23,ALB,Williams,99.89,2426.658,10,10,False,10
25,23,ALB,Williams,99.832,2526.49,10,10,False,10
26,23,ALB,Williams,102.61,2629.1,10,10,False,10
27,23,ALB,Williams,119.87,2748.97,14,14,True,14
28,23,ALB,Williams,97.503,2846.473,13,13,False,13
29,23,ALB,Williams,98.127,2944.6,13,12,False,13
30,23,ALB,Williams,97.931,3042.531,12,12,False,12
31,23,ALB,Williams,98.104,3140.6349999999998,11,11,False,11
32,23,ALB,Williams,97.919,3238.554,11,11,False,11
33,23,ALB,Williams,98.104,3336.658,10,10,False,10
34,23,ALB,Williams,97.961,3434.619,10,10,False,10
35,23,ALB,Williams,97.984,3532.603,10,10,False,10
36,23,ALB,Williams,98.176,3630.779,10,10,False,10
37,23,ALB,Williams,98.038,3728.817,10,10,False,10
38,23,ALB,Williams,98.33,3827.147,10,10,False,10
39,23,ALB,Williams,98.346,3925.493,10,10,False,10
40,23,ALB,Williams,110.177,4035.67,9,10,False,9
41,23,ALB,Williams,128.659,4164.329,9,9,True,9
42,23,ALB,Williams,97.211,4261.54,10,10,False,10
43,23,ALB,Williams,97.144,4358.684,10,10,False,10
44,23,ALB,Williams,97.327,4456.0109999999995,10,10,False,10
45,23,ALB,Williams,97.503,4553.514,10,10,False,10
46,23,ALB,Williams,97.577,4651.091,10,10,False,10
47,23,ALB,Williams,97.545,4748.6359999999995,10,10,False,10
48,23,ALB,Williams,97.684,4846.32,10,10,False,10
49,23,ALB,Williams,97.609,4943.929,10,10,False,10
50,23,ALB,Williams,97.695,5041.624,10,10,False,10
51,23,ALB,Williams,97.727,5139.351,10,10,False,10
52,23,ALB,Williams,97.861,5237.2119999999995,10,10,False,10
53,23,ALB,Williams,97.778,5334.99,10,10,False,10
54,23,ALB,Williams,97.78,5432.7699999999995,10,10,False,10
55,23,ALB,Williams,97.803,5530.573,10,10,False,10
56,23,ALB,Williams,98.159,5628.732,10,10,False,10
57,23,ALB,Williams,98.137,5726.869,10,10,False,10
1,24,24,,108.733,108.733,17,17,False,17
2,24,24,,101.091,209.824,17,17,False,17
3,24,24,,100.596,310.42,17,17,False,17
4,24,24,,100.853,411.273,17,17,False,17
5,24,24,,100.814,512.087,17,17,False,17
6,24,24,,101.156,613.2429999999999,17,17,False,17
7,24,24,,101.197,714.44,17,17,False,17
8,24,24,,101.184,815.624,17,17,False,17
9,24,24,,101.526,917.15,17,17,False,17
10,24,24,,101.743,1018.893,17,17,False,17
11,24,24,,102.108,1121.001,14,14,False,14
12,24,24,,103.87,1224.871,12,12,False,12
13,24,24,,122.101,1346.972,20,20,True,20
14,24,24,,99.33,1446.302,19,20,False,19
15,24,24,,99.229,1545.531,19,19,False,19
16,24,24,,98.998,1644.529,17,17,False,17
17,24,24,,99.143,1743.672,17,17,False,17
18,24,24,,98.873,1842.545,15,15,False,15
19,24,24,,98.794,1941.339,15,15,False,15
20,24,24,,98.896,2040.235,15,15,False,15
21,24,24,,98.888,2139.123,15,15,False,15
22,24,24,,99.115,2238.238,15,15,False,15
23,24,24,,99.462,2337.7,15,15,False,15
24,24,24,,99.503,2437.203,15,15,False,15
25,24,24,,99.066,2536.2690000000002,14,14,False,14
26,24,24,,99.427,2635.696,13,13,False,13
27,24,24,,99.235,2734.931,11,11,False,11
28,24,24,,99.412,2834.343,11,11,False,11
29,24,24,,99.361,2933.704,11,11,False,11
30,24,24,,99.382,3033.0860000000002,9,9,False,9
31,24,24,,99.67,3132.756,9,9,False,9
32,24,24,,102.096,3234.852,10,10,False,10
33,24,24,,119.659,3354.511,15,15,True,15
34,24,24,,97.037,3451.5480000000002,15,15,False,15
35,24,24,,97.55,3549.098,15,15,False,15
36,24,24,,97.957,3647.055,15,15,False,15
37,24,24,,98.003,3745.058,15,15,False,15
38,24,24,,98.422,3843.48,15,15,False,15
39,24,24,,98.368,3941.848,15,15,False,15
40,24,24,,113.456,4055.304,14,15,False,14
41,24,24,,112.5,4167.804,12,12,False,12
42,24,24,,99.904,4267.708,13,13,False,13
43,24,24,,98.311,4366.019,12,12,False,12
44,24,24,,97.974,4463.993,12,12,False,12
45,24,24,,97.95,4561.943,12,12,False,12
46,24,24,,98.336,4660.279,12,12,False,12
47,24,24,,99.553,4759.832,13,13,False,13
48,24,24,,98.596,4858.428,13,13,False,13
49,24,24,,98.628,4957.0560000000005,13,13,False,13
50,24,24,,99.893,5056.949,13,13,False,13
51,24,24,,98.719,5155.668,13,13,False,13
52,24,24,,98.713,5254.381,13,13,False,13
53,24,24,,98.634,5353.015,13,13,False,13
54,24,24,,101.967,5454.982,13,13,False,13
55,24,24,,127.673,5582.655,16,16,True,16
56,24,24,,93.996,5676.651,16,16,False,16
1,27,HUL,Kick Sauber,107.703,107.703,14,14,False,14
2,27,HUL,Kick Sauber,100.72,208.423,14,14,False,14
3,27,HUL,Kick Sauber,100.484,308.907,14,14,False,14
4,27,HUL,Kick Sauber,101.004,409.911,15,15,False,15
5,27,HUL,Kick Sauber,101.002,510.913,15,15,False,15
6,27,HUL,Kick Sauber,101.002,611.915,15,15,False,15
7,27,HUL,Kick Sauber,101.148,713.063,15,15,False,15
8,27,HUL,Kick Sauber,101.249,814.312,15,15,False,15
9,27,HUL,Kick Sauber,101.615,915.927,15,15,False,15
10,27,HUL,Kick Sauber,102.252,1018.179,15,15,False,15
11,27,HUL,Kick Sauber,106.79,1124.969,16,16,False,16
12,27,HUL,Kick Sauber,122.579,1247.548,20,20,True,20
13,27,HUL,Kick Sauber,99.406,1346.954,19,19,False,19
14,27,HUL,Kick Sauber,98.847,1445.801,18,19,False,18
15,27,HUL,Kick Sauber,98.972,1544.773,18,18,False,18
16,27,HUL,Kick Sauber,99.136,1643.9089999999999,16,16,False,16
17,27,HUL,Kick Sauber,99.396,1743.305,16,16,False,16
18,27,HUL,Kick Sauber,100.323,1843.628,16,16,False,16
19,27,HUL,Kick Sauber,99.633,1943.261,16,16,False,16
20,27,HUL,Kick Sauber,99.495,2042.7559999999999,16,16,False,16
21,27,HUL,Kick Sauber,99.703,2142.459,16,16,False,16
22,27,HUL,Kick Sauber,99.934,2242.393,16,16,False,16
23,27,HUL,Kick Sauber,99.866,2342.259,16,16,False,16
24,27,HUL,Kick Sauber,99.855,2442.114,16,16,False,16
25,27,HUL,Kick Sauber,100.295,2542.409,16,16,False,16
26,27,HUL,Kick Sauber,102.931,2645.34,16,16,False,16
27,27,HUL,Kick Sauber,132.037,2777.377,19,19,True,19
28,27,HUL,Kick Sauber,96.981,2874.358,18,18,False,18
29,27,HUL,Kick Sauber,97.398,2971.756,18,18,False,18
30,27,HUL,Kick Sauber,97.617,3069.373,18,18,False,18
31,27,HUL,Kick Sauber,97.891,3167.264,18,18,False,18
32,27,HUL,Kick Sauber,97.806,3265.07,17,17,False,17
33,27,HUL,Kick Sauber,97.761,3362.831,17,17,False,17
34,27,HUL,Kick Sauber,97.895,3460.726,17,17,False,17
35,27,HUL,Kick Sauber,98.093,3558.819,17,17,False,17
36,27,HUL,Kick Sauber,98.245,3657.064,17,17,False,17
37,27,HUL,Kick Sauber,98.108,3755.172,17,17,False,17
38,27,HUL,Kick Sauber,98.191,3853.363,17,17,False,17
39,27,HUL,Kick Sauber,98.184,3951.547,17,17,False,17
40,27,HUL,Kick Sauber,118.689,4070.236,16,17,False,16
41,27,HUL,Kick Sauber,125.275,4195.5109999999995,16,16,True,16
42,27,HUL,Kick Sauber,96.616,4292.127,16,16,False,16
43,27,HUL,Kick Sauber,96.793,4388.92,16,16,False,16
44,27,HUL,Kick Sauber,97.076,4485.996,16,16,False,16
45,27,HUL,Kick Sauber,97.314,4583.3099999999995,16,16,False,16
46,27,HUL,Kick Sauber,99.972,4683.282,16,16,False,16
47,27,HUL,Kick Sauber,96.806,4780.088,16,16,False,16
48,27,HUL,Kick Sauber,97.086,4877.174,16,16,False,16
49,27,HUL,Kick Sauber,97.077,4974.251,16,16,False,16
50,27,HUL,Kick Sauber,97.242,5071.493,16,16,False,16
51,27,HUL,Kick Sauber,97.306,5168.799,16,16,False,16
52,27,HUL,Kick Sauber,97.917,5266.716,16,16,False,16
53,27,HUL,Kick Sauber,98.067,5364.783,16,16,False,16
54,27,HUL,Kick Sauber,98.458,5463.241,16,16,False,16
55,27,HUL,Kick Sauber,98.564,5561.805,15,15,False,15
56,27,HUL,Kick Sauber,99.206,5661.0109999999995,15,15,False,15
1,31,OCO,Haas F1 Team,106.374,106.374,11,11,False,11
2,31,OCO,Haas F1 Team,100.408,206.78199999999998,11,11,False,11
3,31,OCO,Haas F1 Team,99.948,306.73,11,11,False,11
4,31,OCO,Haas F1 Team,99.543,406.273,10,10,False,10
5,31,OCO,Haas F1 Team,100.281,506.554,10,10,False,10
6,31,OCO,Haas F1 Team,100.331,606.885,10,10,False,10
7,31,OCO,Haas F1 Team,100.488,707.373,10,10,False,10
8,31,OCO,Haas F1 Team,100.562,807.935,10,10,False,10
9,31,OCO,Haas F1 Team,100.866,908.801,10,10,False,10
10,31,OCO,Haas F1 Team,100.858,1009.659,10,10,False,10
11,31,OCO,Haas F1 Team,101.035,1110.694,10,10,False,10
12,31,OCO,Haas F1 Team,103.787,1214.481,9,9,False,9
13,31,OCO,Haas F1 Team,120.381,1334.862,12,12,True,12
14,31,OCO,Haas F1 Team,98.649,1433.511,12,12,False,12
15,31,OCO,Haas F1 Team,101.863,1535.374,13,13,False,13
16,31,OCO,Haas F1 Team,135.708,1671.0819999999999,19,19,True,19
17,31,OCO,Haas F1 Team,98.78,1769.862,19,19,False,19
18,31,OCO,Haas F1 Team,98.886,1868.748,18,18,False,18
19,31,OCO,Haas F1 Team,98.817,1967.565,18,18,False,18
20,31,OCO,Haas F1 Team,98.809,2066.374,18,18,False,18
21,31,OCO,Haas F1 Team,98.976,2165.35,18,18,False,18
22,31,OCO,Haas F1 Team,99.028,2264.378,18,18,False,18
23,31,OCO,Haas F1 Team,100.052,2364.43,19,19,False,19
24,31,OCO,Haas F1 Team,99.382,2463.812,19,19,False,19
25,31,OCO,Haas F1 Team,99.435,2563.247,19,19,False,19
26,31,OCO,Haas F1 Team,99.521,2662.768,19,19,False,19
27,31,OCO,Haas F1 Team,99.594,2762.362,18,18,False,18
28,31,OCO,Haas F1 Team,100.026,2862.388,17,17,False,17
29,31,OCO,Haas F1 Team,101.181,2963.569,17,17,False,17
30,31,OCO,Haas F1 Team,99.757,3063.326,16,16,False,16
31,31,OCO,Haas F1 Team,99.748,3163.074,16,16,False,16
32,31,OCO,Haas F1 Team,104.296,3267.37,18,18,False,18
33,31,OCO,Haas F1 Team,138.694,3406.064,19,19,True,19
34,31,OCO,Haas F1 Team,96.797,3502.861,19,19,False,19
35,31,OCO,Haas F1 Team,96.964,3599.825,19,19,False,19
36,31,OCO,Haas F1 Team,97.364,3697.189,19,19,False,19
37,31,OCO,Haas F1 Team,97.338,3794.527,19,19,False,19
38,31,OCO,Haas F1 Team,97.216,3891.743,18,18,False,18
39,31,OCO,Haas F1 Team,97.523,3989.266,18,18,False,18
40,31,OCO,Haas F1 Team,128.023,4117.289,17,18,False,17
41,31,OCO,Haas F1 Team,102.684,4219.973,17,17,False,17
42,31,OCO,Haas F1 Team,97.061,4317.034,18,17,False,18
1,44,HAM,Ferrari,102.64,102.64,5,5,False,5
2,44,HAM,Ferrari,99.166,201.80599999999998,5,5,False,5
3,44,HAM,Ferrari,99.22,301.026,5,5,False,5
4,44,HAM,Ferrari,99.198,400.224,5,5,False,5
5,44,HAM,Ferrari,99.335,499.55899999999997,5,5,False,5
6,44,HAM,Ferrari,99.756,599.3149999999999,5,5,False,5
7,44,HAM,Ferrari,99.757,699.072,5,5,False,5
8,44,HAM,Ferrari,100.267,799.3389999999999,5,5,False,5
9,44,HAM,Ferrari,100.323,899.662,5,5,False,5
10,44,HAM,Ferrari,100.289,999.951,5,5,False,5
11,44,HAM,Ferrari,100.752,1100.703,5,5,False,5
12,44,HAM,Ferrari,103.336,1204.039,7,7,False,7
13,44,HAM,Ferrari,119.179,1323.218,8,8,True,8
14,44,HAM,Ferrari,98.308,1421.526,7,7,False,7
15,44,HAM,Ferrari,98.527,1520.0529999999999,6,6,False,6
16,44,HAM,Ferrari,98.617,1618.67,5,5,False,5
17,44,HAM,Ferrari,98.704,1717.374,5,5,False,5
18,44,HAM,Ferrari,98.69,1816.064,5,5,False,5
19,44,HAM,Ferrari,98.684,1914.748,5,5,False,5
20,44,HAM,Ferrari,98.478,2013.2259999999999,5,5,False,5
21,44,HAM,Ferrari,98.581,2111.807,5,5,False,5
22,44,HAM,Ferrari,98.46,2210.267,5,5,False,5
23,44,HAM,Ferrari,98.384,2308.651,5,5,False,5
24,44,HAM,Ferrari,98.367,2407.018,5,5,False,5
25,44,HAM,Ferrari,98.29,2505.308,5,5,False,5
26,44,HAM,Ferrari,98.339,2603.647,5,5,False,5
27,44,HAM,Ferrari,98.369,2702.016,5,5,False,5
28,44,HAM,Ferrari,98.265,2800.281,5,5,False,5
29,44,HAM,Ferrari,98.38,2898.661,5,5,False,5
30,44,HAM,Ferrari,101.175,2999.836,6,6,False,6
31,44,HAM,Ferrari,119.503,3119.339,7,7,True,7
32,44,HAM,Ferrari,97.563,3216.902,6,6,False,6
33,44,HAM,Ferrari,97.549,3314.451,6,6,False,6
34,44,HAM,Ferrari,98.135,3412.586,6,6,False,6
35,44,HAM,Ferrari,96.831,3509.417,5,5,False,5
36,44,HAM,Ferrari,96.546,3605.963,5,5,False,5
37,44,HAM,Ferrari,97.388,3703.351,5,5,False,5
38,44,HAM,Ferrari,98.304,3801.655,6,6,False,6
39,44,HAM,Ferrari,97.478,3899.133,6,6,False,6
40,44,HAM,Ferrari,97.494,3996.627,5,5,False,5
41,44,HAM,Ferrari,126.491,4123.118,5,5,False,5
42,44,HAM,Ferrari,97.061,4220.179,5,5,False,5
43,44,HAM,Ferrari,97.111,4317.29,5,5,False,5
44,44,HAM,Ferrari,97.048,4414.338,5,5,False,5
45,44,HAM,Ferrari,97.661,4511.999,5,5,False,5
46,44,HAM,Ferrari,97.779,4609.778,5,5,False,5
47,44,HAM,Ferrari,98.517,4708.295,5,5,False,5
48,44,HAM,Ferrari,97.844,4806.139,5,5,False,5
49,44,HAM,Ferrari,97.954,4904.093,5,5,False,5
50,44,HAM,Ferrari,97.77,5001.863,5,5,False,5
51,44,HAM,Ferrari,98.014,5099.877,5,5,False,5
52,44,HAM,Ferrari,97.803,5197.68,5,5,False,5
53,44,HAM,Ferrari,97.988,5295.668,5,5,False,5
54,44,HAM,Ferrari,98.076,5393.744,5,5,False,5
55,44,HAM,Ferrari,97.955,5491.699,5,5,False,5
56,44,HAM,Ferrari,98.111,5589.81,5,5,False,5
57,44,HAM,Ferrari,98.255,5688.065,5,5,False,5
1,55,SAI,Williams,102.03,102.03,4,4,False,4
2,55,SAI,Williams,98.933,200.96300000000002,4,4,False,4
3,55,SAI,Williams,99.042,300.005,4,4,False,4
4,55,SAI,Williams,98.985,398.99,4,4,False,4
5,55,SAI,Williams,99.128,498.118,4,4,False,4
6,55,SAI,Williams,99.474,597.592,4,4,False,4
7,55,SAI,Williams,99.502,697.094,4,4,False,4
8,55,SAI,Williams,99.779,796.873,4,4,False,4
9,55,SAI,Williams,99.744,896.617,4,4,False,4
10,55,SAI,Williams,100.102,996.719,4,4,False,4
11,55,SAI,Williams,100.507,1097.226,4,4,False,4
12,55,SAI,Williams,100.52,1197.746,4,4,False,4
13,55,SAI,Williams,103.31,1301.056,4,4,False,4
14,55,SAI,Williams,119.006,1420.062,6,6,True,6
15,55,SAI,Williams,97.985,1518.047,5,5,False,5
16,55,SAI,Williams,98.433,1616.48,4,4,False,4
17,55,SAI,Williams,98.161,1714.641,4,4,False,4
18,55,SAI,Williams,98.287,1812.928,4,4,False,4
19,55,SAI,Williams,98.21,1911.138,4,4,False,4
20,55,SAI,Williams,98.096,2009.234,4,4,False,4
21,55,SAI,Williams,98.24,2107.474,4,4,False,4
22,55,SAI,Williams,98.453,2205.927,4,4,False,4
23,55,SAI,Williams,98.597,2304.524,4,4,False,4
24,55,SAI,Williams,98.314,2402.838,4,4,False,4
25,55,SAI,Williams,98.571,2501.409,4,4,False,4
26,55,SAI,Williams,98.331,2599.74,4,4,False,4
27,55,SAI,Williams,98.423,2698.163,4,4,False,4
28,55,SAI,Williams,98.474,2796.637,4,4,False,4
29,55,SAI,Williams,98.55,2895.187,4,4,False,4
30,55,SAI,Williams,98.601,2993.788,4,4,False,4
31,55,SAI,Williams,101.274,3095.062,4,4,False,4
32,55,SAI,Williams,118.492,3213.554,5,5,True,5
33,55,SAI,Williams,97.548,3311.102,5,5,False,5
34,55,SAI,Williams,97.475,3408.577,5,5,False,5
35,55,SAI,Williams,97.441,3506.018,4,4,False,4
36,55,SAI,Williams,97.706,3603.724,4,4,False,4
37,55,SAI,Williams,97.13,3700.854,4,4,False,4
38,55,SAI,Williams,97.444,3798.2980000000002,4,4,False,4
39,55,SAI,Williams,97.403,3895.701,4,4,False,4
40,55,SAI,Williams,97.587,3993.288,3,3,False,3
41,55,SAI,Williams,126.436,4119.724,3,3,False,3
42,55,SAI,Williams,97.375,4217.099,3,3,False,3
43,55,SAI,Williams,97.294,4314.393,3,3,False,3
44,55,SAI,Williams,97.389,4411.782,3,3,False,3
45,55,SAI,Williams,99.561,4511.343,4,4,False,4
46,55,SAI,Williams,97.844,4609.187,4,4,False,4
47,55,SAI,Williams,98.222,4707.409,4,4,False,4
48,55,SAI,Williams,97.897,4805.306,4,4,False,4
49,55,SAI,Williams,97.765,4903.071,4,4,False,4
50,55,SAI,Williams,97.604,5000.675,4,4,False,4
51,55,SAI,Williams,97.672,5098.347,4,4,False,4
52,55,SAI,Williams,97.49,5195.837,4,4,False,4
53,55,SAI,Williams,97.66,5293.497,4,4,False,4
54,55,SAI,Williams,97.694,5391.191,4,4,False,4
55,55,SAI,Williams,97.821,5489.012,4,4,False,4
56,55,SAI,Williams,98.126,5587.138,4,4,False,4
57,55,SAI,Williams,98.021,5685.159,4,4,False,4
1,63,RUS,Mercedes,103.015,103.015,6,6,False,6
2,63,RUS,Mercedes,99.59,202.60500000000002,6,6,False,6
3,63,RUS,Mercedes,99.093,301.698,6,6,False,6
4,63,RUS,Mercedes,99.261,400.959,6,6,False,6
5,63,RUS,Mercedes,99.549,500.50800000000004,6,6,False,6
6,63,RUS,Mercedes,99.493,600.001,6,6,False,6
7,63,RUS,Mercedes,100.056,700.057,6,6,False,6
8,63,RUS,Mercedes,100.31,800.367,6,6,False,6
9,63,RUS,Mercedes,100.42,900.787,6,6,False,6
10,63,RUS,Mercedes,100.532,1001.319,6,6,False,6
11,63,RUS,Mercedes,101.085,1102.404,6,6,False,6
12,63,RUS,Mercedes,101.112,1203.516,5,5,False,5
13,63,RUS,Mercedes,104.691,1308.2069999999999,7,7,False,7
14,63,RUS,Mercedes,121.269,1429.476,10,10,True,10
15,63,RUS,Mercedes,97.46,1526.936,9,9,False,9
16,63,RUS,Mercedes,97.833,1624.769,8,8,False,8
17,63,RUS,Mercedes,98.604,1723.373,8,8,False,8
18,63,RUS,Mercedes,98.427,1821.8,7,7,False,7
19,63,RUS,Mercedes,98.512,1920.312,7,7,False,7
20,63,RUS,Mercedes,98.578,2018.89,7,7,False,7
21,63,RUS,Mercedes,98.555,2117.445,7,7,False,7
22,63,RUS,Mercedes,98.438,2215.883,7,7,False,7
23,63,RUS,Mercedes,98.773,2314.656,7,7,False,7
24,63,RUS,Mercedes,98.643,2413.299,7,7,False,7
25,63,RUS,Mercedes,98.487,2511.786,7,7,False,7
26,63,RUS,Mercedes,98.462,2610.248,7,7,False,7
27,63,RUS,Mercedes,98.625,2708.873,7,7,False,7
28,63,RUS,Mercedes,98.448,2807.321,7,7,False,7
29,63,RUS,Mercedes,98.792,2906.113,7,7,False,7
30,63,RUS,Mercedes,98.541,3004.654,7,7,False,7
31,63,RUS,Mercedes,101.035,3105.689,6,6,False,6
32,63,RUS,Mercedes,118.694,3224.383,8,8,True,8
33,63,RUS,Mercedes,97.221,3321.604,8,8,False,8
34,63,RUS,Mercedes,97.311,3418.915,8,8,False,8
35,63,RUS,Mercedes,97.592,3516.507,8,8,False,8
36,63,RUS,Mercedes,97.607,3614.114,8,8,False,8
37,63,RUS,Mercedes,97.822,3711.936,8,8,False,8
38,63,RUS,Mercedes,97.66,3809.596,8,8,False,8
39,63,RUS,Mercedes,97.495,3907.091,8,8,False,8
40,63,RUS,Mercedes,98.085,4005.176,7,8,False,7
41,63,RUS,Mercedes,126.293,4131.469,7,7,False,7
42,63,RUS,Mercedes,97.035,4228.504,7,7,False,7
43,63,RUS,Mercedes,97.48,4325.984,7,7,False,7
44,63,RUS,Mercedes,97.597,4423.581,7,7,False,7
45,63,RUS,Mercedes,97.316,4520.897,7,7,False,7
46,63,RUS,Mercedes,97.571,4618.468,7,7,False,7
47,63,RUS,Mercedes,97.432,4715.9,7,7,False,7
48,63,RUS,Mercedes,97.52,4813.42,7,7,False,7
49,63,RUS,Mercedes,97.718,4911.138,7,7,False,7
50,63,RUS,Mercedes,97.383,5008.521,7,7,False,7
51,63,RUS,Mercedes,97.825,5106.346,7,7,False,7
52,63,RUS,Mercedes,97.589,5203.935,7,7,False,7
53,63,RUS,Mercedes,97.841,5301.776,7,7,False,7
54,63,RUS,Mercedes,97.923,5399.699,7,7,False,7
55,63,RUS,Mercedes,97.86,5497.559,7,7,False,7
56,63,RUS,Mercedes,97.636,5595.195,7,7,False,7
57,63,RUS,Mercedes,97.767,5692.9619999999995,7,7,False,7
1,77,77,,104.53,104.53,8,8,False,8
2,77,77,,99.956,204.486,8,8,False,8
3,77,77,,99.397,303.88300000000004,8,8,False,8
4,77,77,,99.823,403.706,8,8,False,8
5,77,77,,101.033,504.73900000000003,9,9,False,9
6,77,77,,100.265,605.004,9,9,False,9
7,77,77,,100.564,705.568,9,9,False,9
8,77,77,,100.387,805.955,9,9,False,9
9,77,77,,100.275,906.23,9,9,False,9
10,77,77,,100.676,1006.906,9,9,False,9
11,77,77,,103.269,1110.175,9,9,False,9
12,77,77,,119.45,1229.625,14,14,True,14
13,77,77,,98.03,1327.655,10,10,False,10
14,77,77,,98.098,1425.753,8,8,False,8
15,77,77,,98.851,1524.604,7,7,False,7
16,77,77,,98.494,1623.098,6,6,False,6
17,77,77,,99.973,1723.071,7,7,False,7
18,77,77,,100.24,1823.311,8,8,False,8
19,77,77,,99.497,1922.808,8,8,False,8
20,77,77,,100.442,2023.25,9,9,False,9
21,77,77,,99.355,2122.605,9,9,False,9
22,77,77,,99.356,2221.961,9,9,False,9
23,77,77,,99.311,2321.272,9,9,False,9
24,77,77,,99.427,2420.699,9,9,False,9
25,77,77,,99.49,2520.189,9,9,False,9
26,77,77,,99.5,2619.689,9,9,False,9
27,77,77,,99.287,2718.976,9,9,False,9
28,77,77,,99.016,2817.992,9,9,False,9
29,77,77,,102.22,2920.212,9,9,False,9
30,77,77,,118.886,3039.098,11,11,True,11
31,77,77,,97.379,3136.477,10,10,False,10
32,77,77,,97.675,3234.152,9,9,False,9
33,77,77,,97.775,3331.927,9,9,False,9
34,77,77,,97.774,3429.701,9,9,False,9
35,77,77,,97.817,3527.518,9,9,False,9
36,77,77,,97.827,3625.345,9,9,False,9
37,77,77,,97.774,3723.119,9,9,False,9
38,77,77,,97.658,3820.777,9,9,False,9
39,77,77,,97.784,3918.561,9,9,False,9
40,77,77,,110.376,4028.937,8,9,False,8
41,77,77,,115.281,4144.218,8,8,False,8
42,77,77,,97.736,4241.954,8,8,False,8
43,77,77,,97.813,4339.767,8,8,False,8
44,77,77,,97.868,4437.635,8,8,False,8
45,77,77,,97.688,4535.323,8,8,False,8
46,77,77,,97.83,4633.153,8,8,False,8
47,77,77,,97.815,4730.968,8,8,False,8
48,77,77,,97.5,4828.468,8,8,False,8
49,77,77,,97.85,4926.318,8,8,False,8
50,77,77,,97.71,5024.028,8,8,False,8
51,77,77,,97.816,5121.844,8,8,False,8
52,77,77,,97.947,5219.791,8,8,False,8
53,77,77,,97.856,5317.647,8,8,False,8
54,77,77,,97.738,5415.385,8,8,False,8
55,77,77,,97.807,5513.192,8,8,False,8
56,77,77,,98.16,5611.352,8,8,False,8
57,77,77,,98.407,5709.759,8,8,False,8
1,81,PIA,McLaren,108.483,108.483,16,16,False,16
2,81,PIA,McLaren,100.83,209.313,16,16,False,16
3,81,PIA,McLaren,100.691,310.004,16,16,False,16
4,81,PIA,McLaren,100.718,410.722,16,16,False,16
5,81,PIA,McLaren,100.862,511.584,16,16,False,16
6,81,PIA,McLaren,101.111,612.695,16,16,False,16
7,81,PIA,McLaren,101.167,713.862,16,16,False,16
8,81,PIA,McLaren,101.295,815.157,16,16,False,16
9,81,PIA,McLaren,101.534,916.691,16,16,False,16
10,81,PIA,McLaren,101.584,1018.275,16,16,False,16
11,81,PIA,McLaren,101.352,1119.627,13,13,False,13
12,81,PIA,McLaren,101.156,1220.7830000000001,11,11,False,11
13,81,PIA,McLaren,122.071,1342.854,16,16,False,16
14,81,PIA,McLaren,98.859,1441.713,20,16,False,20
